No,Style Name,Category,Keywords,Mood,Description,Specs,Shape Pool,When To Use,Avoid For,Hints,Recommendations,Era
1,modern-geometric-typographic,editorial,"modern, typographic, high-contrast, geometric, minimalist, dynamic, sophisticated, all caps, grid, layered typography","modern, sophisticated, dynamic, sharp, intellectual","This style is defined by sleek, high-contrast compositions featuring bold, geometric sans-serif typography arranged dynamically within structured or layered layouts, often with a minimalist aesthetic.","Employs all-caps geometric sans-serifs with extreme size contrast, frequently incorporating grid systems, overlapping text, or subtle 3D depth effects to create visual tension and hierarchy.","thick rule, 3d letterforms, wavy form, stacked rectangles, thick letterforms, curved line, circle, geometric icon","Perfect for contemporary branding, event posters, editorial spreads, and digital interfaces that demand a clean, impactful, and intellectually stimulating visual statement.","Inappropriate for themes requiring warmth, historical context, softness, or organic shapes, or for projects where legibility of long text passages is paramount.","Emphasize stark black and white or monochromatic palettes, play with scale and negative space, and utilize precise geometric forms to build compelling visual architecture.","Prompt with 'geometric sans-serif, all caps, extreme size contrast, high-contrast poster, grid layout, modern editorial, minimalist typography, 3D text effect.'",2010s-Present
2,conceptual-narrative,editorial,"conceptual, narrative, intellectual, high-contrast, dimensional, textured, impactful, cinematic, typographic hierarchy, editorial","serious, intellectual, complex, dramatic, introspective","Combines conceptual, often high-contrast imagery with strong narrative elements, featuring dimensional textures and sophisticated compositions to convey complex, serious themes.","Dominant use of all caps, display sans-serifs with extreme size contrast and hierarchical stacking, often incorporating 3D or layered effects on text.","thick rules, organic curves, puzzle pieces, organic forms, rectangles, splatter, rectangular text blocks, implied squares","Ideal for posters, covers, or editorial spreads for intellectual, dramatic, or suspenseful content like film festivals, philosophical conferences, or art exhibitions.","This style is unsuitable for light-hearted, whimsical, or overtly commercial applications that require a bright or playful tone.","Focus on conceptual metaphors, dramatic lighting, textured backgrounds, and bold, highly contrasted typography with clear visual hierarchy.","Use models proficient in photorealistic rendering, 3D text effects, and dramatic lighting, emphasizing texture and depth.",2010s-Present
3,dynamic-typographic-abstraction,expressive,"abstract, high-contrast, modern, dynamic, typographic display, distorted type, generative, graphic, fluid forms, all caps","modern, abstract, dynamic, intriguing, sophisticated","A cutting-edge style defined by stark high-contrast compositions, abstract forms, and dynamically manipulated typography that often acts as the primary visual element, evoking a sense of modern intrigue.","Features prominently oversized and often distorted display typography, typically in all caps, with stark scale contrast and sometimes fluid or vertical orientations, creating dynamic layouts.","thick rule, organic curves, thin rules, circle, organic curve, abstract form, organic swirl, vertical text block","Ideal for impactful event posters, avant-garde editorial layouts, contemporary branding, and digital campaigns requiring a sophisticated, energetic edge.","Not suitable for conveying traditional or conservative messages, designs requiring high legibility at small scales, or projects aiming for a subdued aesthetic.","Experiment with extreme typographic scale, fluid distortions, high-contrast monochromatic palettes, and interplay between abstract graphic elements and strong negative space.","Utilize models proficient in abstract art generation and precise typographic control, often benefiting from post-processing for fine-tuning distortions and high-contrast effects.",2010s-Present
4,modern-editorial-typographic,editorial,"editorial, high-contrast, minimalist, modern, typographic, digital, sophisticated, display typography, clean, graphic","sophisticated, elegant, modern, serene, editorial","A sophisticated and modern editorial style characterized by stark high-contrast visuals and minimalist compositions, creating an elegant and striking aesthetic.","Features extreme size contrast in display typography, often utilizing all caps and a mix of modern serif and sans-serif fonts in clean layouts.","rotated text block, rectangle, circle, cuboid, organic curves, circular forms, triangle, thick rule","Ideal for fashion editorials, brand identity, art exhibition posters, or any project requiring a refined and impactful visual statement.","Avoid for projects needing warmth, organic textures, historical authenticity, or a playful, casual tone.","Experiment with stark black and white palettes with minimal accent colors, large-scale typography as a primary graphic element, and ample negative space to emphasize contrast.","Best rendered with precise, clean AI models like Midjourney (stylize higher), Stable Diffusion (with specific LoRAs for clean typography), or Dall-E for crisp lines and text.",2010s-Present
5,digital-typo-futurism,experimental,"digital art, high-contrast, futuristic, geometric, experimental typography, 3D text, abstract, bold, modern, dynamic","energetic, futuristic, intense, modern, dynamic","This style blends high-contrast digital art with futuristic, often abstract or geometric visuals, emphasizing experimental and dynamic typography to create an intense and modern aesthetic.","Typography predominantly features geometric sans-serifs in all caps with extreme size contrast, frequently employing 3D effects like extrusion or inflation, or dynamic layouts with rotated and vertical text.","thick rule, circle, rectangle, diagonal line, barcode, rounded rectangle, triangle, geometric shapes","Ideal for event posters, music artwork, tech branding, or anything requiring a cutting-edge, high-energy digital presence.","Not suitable for traditional, vintage, soft, or human-centric themes that require warmth or subtlety.","Focus on digital art techniques, geometric shapes, high-contrast lighting, and explicitly request 3D or dynamically arranged sans-serif typography.","Midjourney (V5.2+), Stable Diffusion (SDXL) for strong typographic control and rendering digital aesthetics.",2010s-Present
6,cultural-narrative-collage,editorial,"cultural fusion, editorial collage, dynamic narrative, aspirational, mixed scripts, illustrative, fantasy elements, vintage-modern blend","aspirational, vibrant, cultural, dreamlike, dynamic","This style blends rich East Asian cultural narratives with modern editorial layouts, often featuring intricate illustrations, dynamic photo collages, and a harmonious mix of traditional and contemporary design elements.","Typography features a dynamic interplay of East Asian and Latin scripts, frequently utilizing extreme size contrast, vertical stacking, and a diverse blend of serif, sans-serif, and calligraphic fonts.","circle, rectangle, thick rule, wave pattern, bar code, flowing curvilinear forms, lotus flower shape, rectangular text blocks","Ideal for projects requiring a sophisticated fusion of cultural heritage and contemporary design, such as high-end fashion campaigns, art exhibitions, travel promotions, or compelling fantasy narratives.","Avoid for projects demanding stark minimalism, purely data-driven presentations, or when a simple, straightforward message needs to be conveyed without visual complexity.","Focus prompts on specific East Asian cultural motifs, combined with terms like 'editorial collage,' 'dynamic layered layout,' and 'mixed traditional-modern typography with diverse scripts'.","Works best with models adept at generating detailed illustrations, integrating photographic elements seamlessly, and rendering complex multi-script typography with high fidelity.",2010s-Present
7,urban-editorial-dynamism,expressive,"editorial, high-contrast, urban, modern, energetic, edgy, graphic design, geometric sans, extreme typography, streetwear","energetic, modern, edgy, cool, aspirational","This style merges sophisticated editorial design principles with raw urban energy, characterized by high-contrast visuals, dynamic layouts, and a distinctly modern, edgy aesthetic.","Typographically, it relies on bold geometric sans-serifs, almost exclusively in all caps with extreme size contrast, frequently layered, integrated into imagery, or accented by custom scripts and graffiti elements.","thick rule, rectangle, text block, circle, human figure, rectangular text blocks, curved lines, implied grids","Ideal for event posters, music festivals, fashion campaigns, or digital art projects targeting a youthful, urban audience with a strong sense of style.","Not suitable for formal, corporate, or minimalist branding requiring a subdued, traditional, or highly conservative visual identity.","Focus on dynamic compositions, the interplay of crisp typography with distressed or textured urban elements, and a limited, high-impact color palette to enhance visual tension.","Use models like `Midjourney v5.2+`, `DALL-E 3`, or `Stable Diffusion XL` with terms like 'graphic design poster', 'editorial typography', 'streetwear aesthetic', 'high contrast', and 'bold geometric sans-serif'.",2010s-Present
8,deconstructed-editorial,expressive,"high-contrast, distressed, editorial, experimental, deconstructed, fragmented, expressive typography, punk aesthetic, grungy textures, dynamic layouts","intense, edgy, rebellious, dramatic, powerful","This style blends aggressive typography with high-contrast, distressed textures and deconstructed layouts for a raw, impactful, and editorially experimental aesthetic.","Features extreme size contrast, all-caps geometric sans-serifs (often distressed or fragmented), within dynamic and sometimes broken grid compositions.","circle, rectangle, rotated text block, text blocks, organic curves, thick rule, arrow, cut paper edges","Ideal for counter-culture branding, music events, fashion campaigns, or any project demanding a bold, rebellious, and visually striking statement.","Avoid for corporate communications, delicate aesthetics, minimalist design, or contexts requiring subtlety and traditional elegance.","Utilize stark black and white with pops of color, layer distressed textures, play with deconstructed or fragmented typography, and experiment with photo collage elements.","Employ aggressive contrast settings, explore grunge/punk/cyberpunk-influenced prompts, and leverage image collage techniques for varied results.",Late 20th Century Revival to Present
9,surreal-ethereal-dreamscapes,expressive,"surreal, ethereal, cosmic, futuristic, dreamlike, fantasy, illustrative, modern, immersive, inspirational","mysterious, ethereal, contemplative, dreamlike, inspirational","A style characterized by imaginative, other-worldly visuals, blending surrealism with cosmic or futuristic elements, often evoking a sense of mystery, contemplation, or inspiration.","Typography features significant size contrast, often mixing serif display with clean geometric sans-serifs, and sometimes includes decorative or brush script elements, with vertical layouts or subtle hierarchies.","circle, organic shapes, rectangle, thin rule, curved path, organic blob, angular forms, lines","Ideal for projects requiring imaginative storytelling, introspective themes, or a sense of wonder and other-worldliness, such as album art, conceptual campaigns, or event posters.","Not suitable for practical information delivery, corporate communication, or contexts requiring straightforward, objective clarity due to its artistic and evocative nature.","Leverage AI tools for generating complex dreamlike scenes, experiment with atmospheric lighting, and layer abstract or surreal elements with legible typography.","Midjourney excels in producing ethereal and surreal imagery, while DALL-E and Stable Diffusion can provide diverse interpretations of cosmic and futuristic concepts.",2010s-Present
10,dynamic-layered-promo,expressive,"vibrant, photo-collage, layered, promotional, event-poster, bold-typography, geometric-sans, all-caps, high-contrast","energetic, vibrant, optimistic, inviting, playful","A vibrant and energetic style characterized by layered photographic elements and bold, high-contrast typography, often incorporating photo collages and torn paper effects for a dynamic, promotional feel.","Typographic elements primarily use bold, all-caps geometric sans-serifs with extreme size contrast, frequently integrated directly into layered imagery and compositions.","irregular blob, pin icon, crown, circle, rounded rectangle, irregular organic shapes, architectural forms, curved lines","Perfect for event posters, music festival promotions, lively advertising, or any project requiring an adventurous and inviting visual impact.","Unsuitable for minimalist branding, corporate reports, luxury advertisements, or designs that require a subdued or formal aesthetic.","Prompt for dynamic compositions, overlapping photographic elements, integrated text and imagery, and high-saturation color palettes to achieve maximum vibrancy.","Utilize prompts emphasizing 'event poster', 'promotional art', 'photo collage', and 'layered design' with models capable of detailed graphic composition.",2010s-Present
11,conceptual-layered-editorial,editorial,"editorial, high-contrast, layered, conceptual, mysterious, digital collage, geometric sans, dramatic, gritty, futuristic","mysterious, conceptual, dramatic, serious, contemplative","A sophisticated and thought-provoking editorial style defined by high-contrast, layered compositions and often intricate digital or photographic collages, conveying a mysterious and conceptual depth.","Characterized by bold, all-caps geometric sans-serif typography with extreme size contrast, set within dynamic, high-contrast, and often overlapping visual arrangements.","thick rule, rectangle, text blocks, circle, chain links, rotated text block, diagonal lines, squares","Perfect for editorial layouts, conceptual art projects, music events, fashion campaigns, or any design needing a profound and visually striking narrative.","Steer clear for lighthearted branding, children's content, or projects requiring a soft, minimalist, or overtly cheerful aesthetic.","Focus on stark contrast, deliberate layering of diverse visual assets, and a strong typographic hierarchy; employ a limited, often monochromatic, color palette for impact.","Leverage advanced digital art or photo-realism models with detailed prompts like 'high-contrast editorial design', 'layered conceptual artwork', and 'bold geometric typography'.",2010s-Present
12,oriental-fantasy-epic,expressive,"fantasy art, traditional asian, mythical creatures, ink wash, illustrative, epic, storytelling, dark fantasy, ethereal, dynamic composition","mysterious, epic, intense, enchanting, serene","An evocative style blending traditional Asian art forms like ink wash and calligraphic brushwork with epic fantasy and mythological themes, often featuring dynamic compositions and a mysterious, ethereal atmosphere.","Features strong use of calligraphic brush script, often in vertical alignments or traditional Chinese character blocks, complemented by hierarchical sizing and high contrast for impactful display.","organic curves, calligraphic strokes, rectangles, triangles, flowing lines, sharp points, straight lines, rectangular frame","Ideal for fantasy narratives, cultural events, myth-inspired media, or designs requiring a sense of ancient power and mystery.","Unsuitable for modern corporate branding, minimalist layouts, playful children's themes, or designs requiring quick, straightforward information delivery.","Emphasize dynamic poses, traditional Chinese or Japanese art elements, misty landscapes, and expressive brushwork in prompts.","Midjourney, Stable Diffusion with specific LoRAs for Asian art or ink wash, or models trained on traditional fantasy illustrations.",2010s-Present
13,Dreamy-Whimsical Illustration,Expressive,"dreamy, whimsical, surreal, fantasy, luminescent, vibrant, digital illustration, narrative, enchanting, serene","dreamy, whimsical, enchanting, serene, mysterious","This style immerses viewers in fantastical, dreamlike narratives rendered with vibrant, luminescent digital illustration, evoking a sense of enchanting wonder and calm mystery.","Typography features clean, all-caps geometric sans-serifs, often employed with wide letter spacing or presented at a small scale to complement the dominant imagery.","organic curve, circle, silhouette, hexagon, oval, crescent, rectangle, small organic shapes","Ideal for art exhibitions, literary covers, spiritual content, event posters, or any project requiring an imaginative and evocative visual identity.","Not suitable for corporate branding, urgent messaging, factual data presentation, or designs requiring a stark, minimalist aesthetic.","Emphasize soft, ethereal lighting, fantastical elements, and a balanced composition to enhance the dreamlike quality and narrative depth.","Recommend AI models adept at generating detailed illustrations and atmospheric lighting, such as Midjourney v5/v6 or Stable Diffusion with fantasy art checkpoints.",2010s-Present
14,urban-dissent-collage,expressive,"urban, distressed, high-contrast, collage, graffiti, zine, punk, bold typography, layered, geometric","rebellious, gritty, energetic, bold, edgy","A raw and dynamic style blending high-contrast visuals, layered collages, and urban textures with powerful, often distressed typography to convey a sense of rebellion and underground energy.","Typography features all-caps, bold sans-serifs, blackletter, or graffiti styles, frequently distressed or contrasting, within layered compositions that incorporate zine elements, grunge textures, and geometric overlays.","layered rectangles, torn edges, bold text blocks, angled elements, diagonal rectangles, organic floral shapes, geometric cross, splatter","Ideal for promoting underground music, activist campaigns, independent events, or streetwear brands that demand a raw, unfiltered aesthetic.","Avoid for corporate branding, elegant invites, or any context requiring a polished, conservative, or minimalist approach.","Emphasize extreme contrast, incorporate found imagery and unconventional layouts, and treat typography as a primary graphic element.","Consider using 'film grain', 'halftone', 'paper texture', 'photorealistic collage', 'raw photo' prompts for enhanced grit and authenticity.",1980s-Present
15,abstract-editorial-sans,editorial,"abstract, typographic, layered, textural, geometric sans-serif, all caps, modern editorial, dynamic compositions, high-contrast","modern, artistic, editorial, dynamic, sophisticated","A sophisticated modern editorial aesthetic characterized by abstract and sometimes photographic elements, layered textures, and compelling typographic compositions.","Features prominent geometric sans-serif typography in all caps, often letter-spaced, with extreme size contrast and hierarchical layouts, occasionally accented by a subtle script or overlapping elements.","bold sans-serif letters, swirling lines, intertwined tubes, abstract organic forms, vertical stripes, rectangle, curved lines, small icons","Ideal for high-end editorial content, art gallery promotions, contemporary event posters, and brand identities seeking a modern, artistic edge.","Avoid for projects requiring a playful, traditional, or highly pragmatic and information-dense approach due to its abstract and stylized nature.","Emphasize layered abstract shapes, subtle textures, and bold geometric sans-serif typography with high contrast, strategic spacing, and occasional photographic integration.","Utilize models proficient in digital art, clean typography rendering, and subtle textural effects for optimal results and a polished finish.",2010s-Present
16,dreamy-editorial-exploration,editorial,"editorial, surreal, dreamy, whimsical, landscape, exploration, historical, inspirational, mixed-media, grand","inspiring, dreamy, whimsical, contemplative, grand","A sophisticated yet fantastical style blending editorial clarity with surreal, dreamy landscapes and historical or adventurous narratives, creating an evocative and imaginative visual experience.","Typography features extreme size contrast, often all caps, combining prominent serif displays with cleaner sans-serif secondary or body text, occasionally integrating distressed textures.","rectangular buttons, small icons, organic landscape forms, serif letterforms, segmented form, rectangular text blocks, thin rules, asterisks","Ideal for posters, book covers, or campaigns seeking to evoke wonder, tell a rich story, or commemorate significant events with an artistic, introspective flair.","Avoid for designs requiring stark minimalism, urgent calls to action, or a purely corporate, no-frills aesthetic, as its complexity can be distracting.","Layer fantastical elements over realistic backdrops, utilize atmospheric lighting and rich textures, and ensure strong type hierarchy despite extreme contrast for maximum impact.","Utilize models skilled in illustrative, photorealistic, or painterly aesthetics with a strong emphasis on imaginative composition, depth, and emotive rendering.",2010s-Present
17,modern-art-editorial,editorial,"modern, abstract, editorial, geometric, sophisticated, artistic, constructivist, elegant, expressive, cubist, display-typography","sophisticated, expressive, modern, energetic, artistic",A sophisticated editorial style blending abstract art influences like Cubism and Constructivism with modern geometric layouts and elegant typography.,"Features prominent geometric sans-serif or bold display typefaces, often in all caps with significant size contrast, integrated into dynamic, abstract or cubist-inspired compositions.","organic curves, geometric letterforms, rectangles, abstract blobs, circle, triangle, rectangle, diagonal stripe","Ideal for high-end editorial layouts, art gallery promotions, cultural event posters, and modern brand identities seeking an intellectual and artistic edge.","Not suitable for highly casual, overtly playful, or traditionally conservative themes that require a more straightforward or ornate aesthetic.","Emphasize bold, architectural typography within dynamic, abstract compositions featuring geometric shapes and a sophisticated, often muted, color palette.","Use models proficient in clean graphic design, high-contrast aesthetics, and precise typographic rendering for best results.",2010s-Present
18,modern-editorial-texture,editorial,"editorial, typographic, modern, textured, reflective, botanical, minimalist, serene, thoughtful, spiritual","reflective, editorial, nature-inspired, serene, thought-provoking","A refined and contemplative style blending modern editorial layouts with organic textures and thoughtful, nature-inspired elements, often conveying a sense of serenity.","Features a dynamic interplay of geometric sans and striking serif display fonts, often in all caps with extreme size contrast, set against subtle organic or distressed textures.","thick rule, circle, rotated text block, organic shapes, rectangular text blocks, dove silhouette, pixel grid, blurred streak","Ideal for artistic events, magazine spreads, spiritual retreats, or brands seeking a contemporary, reflective and sophisticated identity.","Not suitable for high-energy promotions, purely functional signage, or designs requiring maximal clarity without aesthetic depth.","Focus on clean layouts, high-quality typography, subtle textures (distressed, organic, pixelated details), and a limited, sophisticated color palette.",Utilize models adept at fine typographic detail and subtle texture rendering; consider photorealistic or artistic rendering styles for depth.,2010s-Present
19,anime-type-fusion,expressive,"anime-inspired, graphic, layered text, extreme contrast, expressive typography, Japanese aesthetic, cyberpunk, ethereal, grunge textures, editorial illustration","expressive, dynamic, ethereal, intense, romantic","A visually rich style blending evocative anime-inspired illustrations with a dynamic interplay of layered and deconstructed typography, ranging from soft romanticism to intense cyberpunk aesthetics.","Features extreme size contrast in typography, mixing large serif displays, stylized Japanese characters, and deconstructed text with script accents, often layered or set against graphic illustrations.","large serif characters, star, ribbons, curvy lines, rectangles, rectangle, sharp point, ink splatter","Ideal for projects requiring strong emotional depth and a narrative focus, such as music posters, event promotions, art exhibitions, or conceptual branding that appeals to a youth demographic.","Not suitable for corporate communications, highly formal documents, or designs requiring extreme readability and minimalist simplicity.","Experiment with blending illustrative elements with bold, often overlapping or fragmented text; consider muted palettes for softer moods or stark high-contrast for edgier tones.","Utilize models strong in illustrative styles and detailed typography, such as Midjourney, Stable Diffusion with specific anime/textual LoRAs, or DALL-E 3 for integrated text.",2010s-Present
20,gritty-editorial-collage,expressive,"distressed, collage, editorial, graphic novel, comic-book, high-contrast, gritty, dramatic, typographic contrast, all caps","serious, gritty, dramatic, dark","A raw and dramatic style combining distressed textures, bold collage elements, and a gritty, editorial aesthetic reminiscent of graphic novels and zines.","Features distressed sans-serif typography in all caps with extreme size contrast and varied orientations, often integrated into high-contrast, layered collage compositions.","rotated text block, rectangle, circle, scribbled line, thick rule, torn edge, cityscape, bat symbol","Ideal for edgy event posters, rebellious brand identities, dramatic film promotions, or editorial layouts that demand a strong, visceral impact.","Avoid for projects requiring a clean, corporate, minimalist, or lighthearted aesthetic, as its intensity can be overwhelming.","Use keywords like 'distressed collage poster', 'gritty editorial layout', 'comic book typography', 'high contrast', and 'fragmented elements' for best results.","Use models that excel in texture, contrast, and mixed media compositions.",2000s-Present
21,dreamy-futuristic-editorial,editorial,"digital art, futuristic, editorial, abstract, holographic, soft focus, serene, elegant, modern, luxurious","dreamy, futuristic, elegant, serene, luxurious","A sophisticated digital art style blending futuristic visions with editorial elegance, characterized by soft focus, abstract forms, and subtle holographic effects for a dreamy, luxurious aesthetic.","Features prominent serif display and clean geometric or minimal sans-serif typography, often in all caps with significant size contrast, complemented by sparse, editorial layouts.","oval, rectangle, thick rule, organic curve, interlocking forms, organic curves, rectangles, thin rules","Ideal for high-end fashion campaigns, art exhibitions, conceptual branding, and any project demanding a modern, luxurious, and visually soft yet impactful presence.","Not suitable for loud, overtly minimalist, or traditional print designs, or projects requiring a strong human element or rugged aesthetic.","Focus on ethereal lighting, gradients, depth-of-field, and abstract shapes; experiment with subtle holographic textures and refined, sparse compositions; emphasize legibility for display type.","Use models strong in digital art, abstract compositions, and soft rendering; consider prompts like 'iridescent gradients', 'ethereal lighting', 'editorial composition', 'holographic shimmer'.",2010s-Present
22,digital-whimsy-pop,expressive,"playful, whimsical, digital illustration, dreamlike, narrative, optimistic, vibrant, geometric sans, modern, imaginative","playful, imaginative, optimistic, energetic, youthful","This style blends playful, whimsical digital illustrations with a dreamlike, narrative quality, creating imaginative and energetic visual experiences.","Typography features clean geometric sans-serifs, often in all caps with size contrast, sometimes incorporating handwritten accents for a touch of whimsy.","circle, rounded rectangle, star, organic splatter, cloud, snowflake, organic forms, arch","Ideal for projects aiming to evoke a sense of joy, imagination, and youthful optimism, such as children's media, events, or lighthearted branding.","Not suitable for serious, formal, or somber contexts, or when a traditional or minimalist aesthetic is required.","Utilize bright, vibrant color palettes, 3D rendering or vector illustration techniques, and dynamic compositions to enhance the playful and narrative elements.","Experiment with illustration-focused AI models like Midjourney, DALL-E 3, or Stable Diffusion for digital art and 3D rendering with playful prompts.",2010s-Present
